,loss,accuracy,layer
0,3.012617826461792,0.8533333539962769,1024.0
1,3.00872802734375,0.8570289611816406,512.0
2,3.196688413619995,0.6687681078910828,128.0
