,loss,accuracy,layer
0,0.08901495486497879,0.9747101664543152,128.0
1,0.2213001251220703,0.9408695697784424,64.0
2,1.1146116256713867,0.7429710030555725,32.0
